nombre,telefono,website,calificacion,direccion,email
Amethyst l Dental Aesthetics Monterrey,99-XXXXXXXX,https://www.amatistaesteticadental.com/,5.0,"Torre Elysium Ave Fundadores 5296, Colonia Miguel Hidalgo, Código Postal: 64909, MIGUEL HIDALGO, 64909 Monterrey, N.L., Mexico",
Zental Odontología - Cumbres - Clínica Dental Monterrey,81-XXXXXXXX,https://www.zental.mx/,5.0,"Av Paseo de los Leones 1001, Cumbres Madeira, 64349 Monterrey, N.L., Mexico",ze****@gmail.combottom
"Dentista en Mitras Centro, Monterrey- Dental Diagnostic",81-XXXXXXXX,https://wa.me/528128944540,5.0,"Av. Simón Bolívar 1985-segundo piso, Mitras Centro, 64460 Monterrey, N.L., Mexico",
Dentista Monterrey | BMD,81-XXXXXXXX,https://www.dentistamonterrey.mx/,4.9,"Jerez 115, Mitras Centro, 64460 Monterrey, N.L., Mexico",
Los Dentistas Centro,81-XXXXXXXX,http://losdentistas.mx/,3.5,"Av. Cuauhtémoc, Centro, 64000 Monterrey, N.L., Mexico",at****@losdentistas.mx
Central Dental,81-XXXXXXXX,http://wa.me/528113200894,4.9,"Av. Cuauhtémoc 720, entre carlos salazar y treviño, Centro, 64000 Monterrey, N.L., Mexico",
Clínica Dental DENTALUMEX,81-XXXXXXXX,http://dentalumex.com/,4.9,"Av. Francisco I. Madero 1035, Centro, 64000 Monterrey, N.L., Mexico",
dentalia Galerías Monterrey | Clínica Dental y Dentistas en Monterrey,80-XXXXXXXX,https://citas.dentalia.com/agenda_linea?utm_campaign=Marketing%20digital&utm_source=SEO&utm_medium=Google&utm_term=website&utm_content=cards,4.2,"Av Insurgentes 2500-Loc 737, Monterrey, 64630 Monterrey, N.L., Mexico",
LA DENTISTA,81-XXXXXXXX,http://www.facebook.com/LDentista,4.8,"Morgan 903, Barrio La Moderna, 64102 Monterrey, N.L., Mexico",
Dentistas Teran Monterrey,81-XXXXXXXX,https://dentistasteran.com.mx/,4.8,"Arquitectos 102-A, Tecnologico, Distrito Tec, 64700 Monterrey, N.L., Mexico",ni****@dentistasteran.com
Dentista en Monterrey - Kobe Dental,81-XXXXXXXX,https://kobedental.com/,5.0,"Av. Simón Bolívar 1206, Mitras Centro, 64460 Monterrey, N.L., Mexico",
Odonto MTY Centrika,81-XXXXXXXX,https://www.odontomty.com/,4.5,"Vicente Guerrero 2035, Centrika, 64520 Monterrey, N.L., Mexico",
Dra. Ely Juliana Dentista Monterrey,81-XXXXXXXX,https://draelyjuliana.com/,5.0,"Jerez 115, Mitras Centro, 64460 Monterrey, N.L., Mexico",
SG DENTAL - Odontología Familiar,81-XXXXXXXX,http://www.facebook.com/SGDentalOF,5.0,"C. Mariano Azueta 1708, La Florida, 64810 Monterrey, N.L., Mexico",
Dentista en Monterrey | MAAS Dentistas,81-XXXXXXXX,http://www.maasdentistas.com/,5.0,"Av Constelaciones 111-1, Contry, 64860 Monterrey, N.L., Mexico",
Zental Odontología - Sertoma - Clínica Dental Monterrey,81-XXXXXXXX,https://www.zental.mx/,5.0,"A, Sertoma 205, Sertoma, 64718 Monterrey, N.L., Mexico",
Dental Smile Clinic,81-XXXXXXXX,https://dentalsmileclinic.mx/,4.9,"Constitución 1965-Piso 7 Consultorio 703, Obispado, 64060 Monterrey, N.L., Mexico",
RegioDental Fundidora,81-XXXXXXXX,https://www.regiodental.com/,4.9,"Av. Francisco I. Madero 2523-Loc 1, Acero, 64580 Monterrey, N.L., Mexico",
Regio Dental,81-XXXXXXXX,https://www.regiodental.com/,4.5,"Juan Álvarez 443, Centro, 64000 Monterrey, N.L., Mexico",
